City,Cloudiness,Country,Date,Humidity,Lat,Lng,Max Temp,Wind Speed
berlevag,48,NO,1547431627,100,70.86,29.09,14.68,3.51
thompson,5,CA,1547427600,84,55.74,-97.86,5,6.93
arraial do cabo,0,BR,1547431565,87,-22.97,-42.02,76.42,14.14
barrow,92,AR,1547431628,97,-38.31,-60.23,64.09,10.16
qaanaaq,0,GL,1547431435,100,77.48,-69.36,-25.19,11.05
albany,20,US,1547431020,63,42.65,-73.75,12.92,5.82
cap-aux-meules,90,CA,1547427600,73,47.38,-61.86,21.2,10.29
cabo san lucas,5,MX,1547426820,64,22.89,-109.91,73.4,4.7
englewood,20,US,1547430840,84,39.65,-104.99,32,2.77
whitecourt,20,CA,1547427600,86,54.14,-115.68,28.4,6.93
madison,90,US,1547430900,74,43.07,-89.38,28.4,3
tasiilaq,24,GL,1547427000,85,65.61,-37.64,14,2.24
taltal,0,CL,1547431631,91,-25.41,-70.49,53.92,1.83
punta arenas,40,CL,1547427600,61,-53.16,-70.91,50,17.22
alindao,12,CF,1547431631,83,5.04,21.21,72.01,9.04
kavieng,80,PG,1547431631,100,-2.57,150.8,84.34,12.35
cabedelo,0,BR,1547427600,94,-6.97,-34.84,77,5.82
hermanus,76,ZA,1547431576,96,-34.42,19.24,54.55,2.73
ingham,48,AU,1547431633,100,-18.65,146.16,79.12,14.63
saldanha,0,PT,1547431633,80,41.42,-6.55,20.98,2.77
tuktoyaktuk,40,CA,1547427600,74,69.44,-133.03,-23.81,21.92
pimentel,80,BR,1547431634,98,-3.7,-45.5,72.01,3
praia da vitoria,40,PT,1547427600,82,38.73,-27.07,59,12.8
rikitea,88,PF,1547431634,97,-23.12,-134.97,80.2,12.46
ushuaia,75,AR,1547427600,75,-54.81,-68.31,46.4,27.51
maniitsoq,20,GL,1547431635,100,65.42,-52.9,9.28,4.07
luderitz,0,NA,1547431635,89,-26.65,15.16,60.58,12.8
vaini,0,IN,1547427600,93,15.34,74.49,55.4,5.91
ilo,12,PE,1547431636,100,-17.65,-71.34,62.47,2.77
atuona,100,PF,1547431636,100,-9.8,-139.03,81.28,14.7
batagay-alyta,0,RU,1547431636,0,67.8,130.41,-52.28,2.06
bluff,0,AU,1547431581,39,-23.58,149.07,91.72,12.95
broome,76,GB,1547430960,81,52.47,1.45,42.8,12.75
new norfolk,0,AU,1547429400,33,-42.78,147.06,75.2,13.87
pevek,0,RU,1547431638,55,69.7,170.27,-31.67,1.99
mokhsogollokh,44,RU,1547431638,39,61.4,128.95,-25.64,3.4
tocopilla,20,CL,1547431639,95,-22.09,-70.2,61.21,5.53
beringovskiy,24,RU,1547431639,92,63.05,179.32,-11.24,33.64
doha,0,QA,1547429400,88,25.29,51.53,66.2,4.7
hofn,88,IS,1547431639,100,64.25,-15.21,26.74,3.06
san cristobal,40,EC,1547427600,93,-0.39,-78.55,57.2,3.36
ekibastuz,0,KZ,1547431640,50,51.72,75.32,-3.05,4.23
mogadishu,56,SO,1547431641,99,2.04,45.34,79.03,22.12
pangnirtung,48,CA,1547431508,53,66.15,-65.72,-18.44,3.56
busselton,0,AU,1547431432,92,-33.64,115.35,70.03,12.62
caravelas,76,BR,1547431642,100,-17.73,-39.27,80.11,12.46
guozhen,88,CN,1547431642,100,29.3,113.14,44.2,5.53
fairbanks,1,US,1547427480,79,64.84,-147.72,-5.08,3
yellowknife,20,CA,1547427600,67,62.45,-114.38,-27.41,5.82
jamestown,0,AU,1547431551,51,-33.21,138.6,92.89,8.1
carnarvon,0,ZA,1547431644,65,-30.97,22.13,50.86,5.53
assomada,40,CV,1547427600,77,15.1,-23.68,69.8,10.29
poya,12,NC,1547431645,100,-21.35,165.16,77.59,22.46
dandong,24,CN,1547431645,51,40.12,124.37,28.09,3.74
tuatapere,0,NZ,1547431531,93,-46.13,167.69,57.61,6.64
yeppoon,40,AU,1547429400,55,-23.13,150.74,86,12.75
port alfred,88,ZA,1547431646,98,-33.59,26.89,66.61,7.09
mercedes,92,UY,1547431647,99,-33.25,-58.03,70.21,5.91
big spring,90,US,1547430900,92,32.25,-101.48,35.24,12.75
hamilton,75,BM,1547427300,72,32.3,-64.78,64.4,11.41
gariadhar,0,IN,1547429400,77,21.54,71.58,59,4.7
hobart,0,AU,1547429400,33,-42.88,147.33,75.2,13.87
kodiak,90,US,1547429700,92,39.95,-94.76,28.94,3
saint-leu,0,RE,1547429400,69,-21.15,55.28,78.8,8.05
nabire,12,ID,1547431488,77,-3.36,135.5,81.19,2.39
chokurdakh,20,RU,1547431563,42,70.62,147.9,-26.72,2.89
paide,92,EE,1547431649,96,58.89,25.57,32.14,10.33
clyde,0,NZ,1547431649,53,-45.19,169.32,64.36,2.73
mar del plata,0,AR,1547431562,65,-46.43,-67.52,59.41,5.57
lebu,0,ET,1547427600,45,8.96,38.73,48.2,3.36
vanino,88,RU,1547431650,87,53.93,40.55,21.88,14.47
cidreira,32,BR,1547431651,94,-30.17,-50.22,76.06,10.89
macau,36,BR,1547431651,79,-5.11,-36.64,78.49,7.36
san policarpo,12,PH,1547431651,90,12.18,125.51,80.74,14.07
mana,90,RS,1547431200,92,43.52,20.24,28.4,2.24
batsfjord,80,NO,1547431652,100,70.63,29.72,34.66,9.04
ferry pass,90,US,1547430960,68,30.51,-87.21,51.08,9.17
codrington,75,AU,1547427600,48,-28.95,153.24,86,10.29
sola,90,FI,1547430600,92,62.78,29.36,17.6,4.7
ponta grossa,24,BR,1547431654,94,-25.09,-50.16,66.79,3.4
beyneu,88,KZ,1547431654,95,45.32,55.19,30.79,3.06
manjeshwar,0,IN,1547429400,88,12.72,74.89,71.6,3.36
sarangani,36,PH,1547431494,96,5.4,125.46,82.09,9.6
cachoeira do sul,32,BR,1547431655,95,-30.05,-52.89,71.74,2.84
puerto escondido,75,MX,1547426400,74,15.86,-97.07,80.6,6.58
mataura,36,NZ,1547431655,78,-46.19,168.86,62.38,7.54
banepa,20,NP,1547428800,100,27.63,85.52,37.4,4.7
avarua,40,CK,1547427600,70,-21.21,-159.78,86,9.17
yuyao,76,CN,1547427600,87,30.04,121.15,42.8,2.24
talnakh,76,RU,1547431476,72,69.49,88.39,-10.79,21.9
sembakung,75,ID,1547427600,83,3.82,117.25,80.6,5.82
victoria,75,BN,1547429400,79,5.28,115.24,84.2,3.36
richards bay,88,ZA,1547431657,86,-28.77,32.06,72.64,7.87
georgetown,40,GY,1547427600,78,6.8,-58.16,78.8,9.17
sudak,48,UA,1547431658,100,44.85,34.97,23.95,5.41
fortuna,0,ES,1547429400,71,38.18,-1.13,51.8,10.29
roebourne,0,AU,1547431659,34,-20.77,117.15,101.44,11.34
dikson,80,RU,1547431659,94,73.51,80.55,0.64,30.69
murighiol,68,RO,1547429400,86,45.04,29.17,28.4,6.93
saint-denis,24,FR,1547429400,76,48.94,2.36,50,11.41
nizhniy baskunchak,36,RU,1547431660,93,48.22,46.83,15.04,3.22
siemiatycze,92,PL,1547431660,98,52.43,22.86,34.66,13.47
cape town,0,ZA,1547427600,82,-33.93,18.42,59,3.36
tirumakudal narsipur,0,IN,1547431661,75,12.21,76.91,60.94,3.33
puerto princesa,20,PH,1547427600,70,9.74,118.73,84.2,16.11
upernavik,24,GL,1547431455,100,72.79,-56.15,-11.06,4.52
butaritari,80,KI,1547431410,100,3.07,172.79,83.98,15.19
airai,48,TL,1547431430,70,-8.93,125.41,80.02,1.5
comodoro rivadavia,0,AR,1547427600,42,-45.87,-67.48,66.2,9.17
bilma,0,NE,1547431663,27,18.69,12.92,44.2,11.12
sao felix do xingu,64,BR,1547431663,97,-6.64,-51.99,73.99,0.83
taksimo,8,RU,1547431663,27,56.36,114.84,-20.6,2.73
chuy,92,UY,1547431530,98,-33.69,-53.46,71.38,10.89
khatanga,44,RU,1547431664,44,71.98,102.47,-27.89,9.78
thinadhoo,92,MV,1547431664,100,0.53,72.93,81.64,9.78
caaguazu,0,PY,1547431665,87,-25.45,-56.02,75.79,3.78
iskateley,80,RU,1547431665,84,67.68,53.15,15.22,16.82
olinda,75,EC,1547427600,83,-2.03,-79.75,78.8,3.36
lata,0,IN,1547431666,80,30.78,78.62,27.19,2.73
annonay,90,FR,1547429400,87,45.24,4.67,46.4,8.05
douglas,90,US,1547429160,100,58.28,-134.39,35.6,6.93
xingyi,12,CN,1547431667,71,24.19,102.82,59.68,4.23
vila velha,20,BR,1547427600,88,-3.71,-38.6,80.6,3.36
torbay,90,CA,1547427600,68,47.66,-52.73,24.8,20.8
marsa matruh,75,EG,1547427600,87,31.35,27.25,50,11.41
flores,100,GT,1547431668,50,16.93,-89.89,78.67,5.12
bergama,75,TR,1547430600,80,39.12,27.18,41,6.93
bubaque,0,GW,1547431669,100,11.28,-15.83,78.58,8.93
jumla,0,NP,1547431669,80,29.28,82.18,12.88,2.06
cukai,75,MY,1547427600,94,4.25,103.42,78.8,2.24
nyimba,80,ZM,1547431670,97,-14.56,30.81,70.12,4
mahebourg,40,MU,1547427600,74,-20.41,57.7,78.8,9.17
klaksvik,20,FO,1547428800,100,62.23,-6.59,32,14.99
tautira,90,PF,1547429400,74,-17.73,-149.15,82.4,16.11
padang,20,ID,1547429400,83,-0.92,100.36,82.4,2.24
ahipara,76,NZ,1547431565,85,-35.17,173.16,67.42,18.32
rajmahal,0,IN,1547431672,78,25.05,87.83,59.32,7.25
bridlington,80,GB,1547430600,75,54.08,-0.19,44.6,11.41
malang,20,ID,1547429400,74,-7.98,112.63,86,3.36
ancud,0,CL,1547427600,76,-41.87,-73.83,53.6,4.7
narsaq,32,GL,1547427000,73,60.91,-46.05,21.2,2.24
walvis bay,92,NA,1547427600,88,-22.95,14.51,64.4,2.24
prenzlau,88,DE,1547431674,92,53.32,13.87,35.11,24.14
tilichiki,0,RU,1547431674,32,60.47,166.1,-22.31,3.4
castro,0,CL,1547427600,76,-42.48,-73.76,53.6,4.7
oistins,40,BB,1547427600,78,13.07,-59.53,75.2,12.75
bonavista,20,CA,1547431675,100,48.65,-53.11,24.04,21.12
port elizabeth,90,US,1547430840,66,39.31,-74.98,32,16.11
anadyr,0,RU,1547429400,67,64.73,177.51,-25.61,11.18
phangnga,20,TH,1547429400,74,8.45,98.53,82.4,3.29
amahai,0,ID,1547431676,99,-3.31,129,84.88,7.54
puerto ayora,88,EC,1547431429,99,-0.74,-90.35,76.6,7.02
samarinda,80,ID,1547431554,87,-0.5,117.14,79.66,2.89
torquay,64,GB,1547431394,99,50.47,-3.52,47.08,17.43
petropavlovsk-kamchatskiy,75,RU,1547429400,66,53.05,158.65,14,8.95
nagapattinam,100,IN,1547431593,82,10.76,79.84,76.24,10.6
touros,40,BR,1547427600,83,-5.2,-35.46,80.6,4.7
lins,0,BR,1547427600,74,-21.67,-49.75,78.8,8.05
mount isa,0,AU,1547429400,23,-20.73,139.49,98.6,10.29
grand-lahou,32,CI,1547431678,88,5.24,-5,77.59,5.23
dingle,32,PH,1547431484,66,11,122.67,82.45,17.43
minot,1,US,1547430960,84,48.23,-101.3,19.04,9.17
katsuura,20,JP,1547427600,75,33.93,134.5,44.6,8.05
grenaa,0,DK,1547430600,64,56.42,10.88,35.6,18.34
emerald,40,AU,1547427600,38,-23.53,148.16,87.8,13.87
norman wells,75,CA,1547427600,63,65.28,-126.83,-11.21,17.22
lagoa,0,PT,1547429400,75,37.14,-8.45,44.6,6.93
egvekinot,24,RU,1547431410,34,66.32,-179.17,-24.2,11.16
saint george,0,GR,1547430600,80,39.45,22.34,30.2,5.82
sao filipe,76,CV,1547431682,98,14.9,-24.5,72.1,11.61
lancaster,90,US,1547430960,48,40.04,-76.31,30.92,11.41
labuhan,64,ID,1547431682,85,-2.54,115.51,80.92,2.06
tateyama,20,JP,1547427600,56,36.66,137.31,42.8,5.82
clyde river,20,CA,1547427600,66,70.47,-68.59,-31.01,6.93
sri aman,75,MY,1547427600,94,1.24,111.46,77,1.12
bukoba,75,TZ,1547427600,82,-1.33,31.81,68,6.42
palmer,90,US,1547427480,62,61.6,-149.11,28.04,19.46
baruun-urt,0,MN,1547431684,44,46.68,113.28,-2.6,13.85
saint-philippe,1,CA,1547430360,78,45.36,-73.48,8.6,2.24
kenai,90,US,1547427360,81,60.55,-151.26,37.94,9.17
bredasdorp,88,ZA,1547427600,72,-34.53,20.04,64.4,1.12
polunochnoye,48,RU,1547431685,72,60.87,60.43,14.32,7.31
faanui,92,PF,1547431686,100,-16.48,-151.75,83.08,16.49
katherine,40,AU,1547429400,62,-14.47,132.26,87.8,6.93
portland,1,US,1547430780,64,45.52,-122.67,48.02,8.05
nikolskoye,75,RU,1547429400,100,59.7,30.79,26.6,11.18
sao joao da barra,0,BR,1547431687,94,-21.64,-41.05,79.93,12.57
east london,0,ZA,1547431559,100,-33.02,27.91,69.76,5.08
chicama,75,PE,1547427600,83,-7.84,-79.15,73.4,13.87
pochutla,75,MX,1547426400,74,15.74,-96.47,80.6,5.91
susehri,64,TR,1547431688,80,40.16,38.09,19.9,2.06
kangaatsiaq,44,GL,1547431689,100,68.31,-53.46,3.7,11.39
cockburn town,0,TC,1547431689,100,21.46,-71.14,77.86,15.41
grindavik,20,IS,1547429400,92,63.84,-22.43,26.6,17.22
sechura,12,PE,1547431690,77,-5.56,-80.82,74.17,13.13
hualmay,32,PE,1547431690,96,-11.1,-77.61,64.18,5.41
jalu,0,LY,1547431690,80,29.03,21.55,38.62,9.44
san quintin,0,PH,1547431690,63,17.54,120.52,79.93,3.51
fjerritslev,0,DK,1547431691,75,57.08,9.27,34.93,28.01
coquimbo,0,CL,1547427600,82,-29.95,-71.34,62.6,8.05
visby,92,SE,1547428800,100,57.64,18.3,32,26.4
kieta,80,PG,1547431544,92,-6.22,155.63,83.62,3.56
tiksi,0,RU,1547431692,0,71.64,128.87,-38.51,2.39
westfield,90,US,1547430960,100,40.04,-86.13,28.4,8.05
saskylakh,0,RU,1547431693,0,71.97,114.09,-56.51,7.92
alice springs,0,AU,1547429400,11,-23.7,133.88,104,16.11
trelew,0,AR,1547431693,42,-43.25,-65.31,65.44,16.37
havre-saint-pierre,20,CA,1547427600,77,50.23,-63.6,3.2,9.17
nanortalik,80,GL,1547431694,96,60.14,-45.24,28.54,23.35
agadez,0,NE,1547431694,31,16.97,7.99,53.11,9.6
kavaratti,0,IN,1547431694,100,10.57,72.64,82,13.35
namatanai,32,PG,1547431695,100,-3.66,152.44,83.53,13.96
sodhra,0,PK,1547427600,80,32.46,74.18,41,6.93
ust-ilimsk,48,RU,1547431695,38,57.96,102.73,-11.78,7.43
srednekolymsk,56,RU,1547431696,36,67.46,153.71,-23.84,5.08
moramanga,92,MG,1547431696,100,-18.95,48.23,66.16,2.39
pontianak,40,ID,1547429400,88,-0.02,109.34,78.8,4.7
kibala,0,TD,1547427600,25,9.11,18.35,75.2,8.25
badarwas,0,IN,1547431697,85,24.97,77.57,50.41,7.09
mount gambier,8,AU,1547427600,35,-37.83,140.78,84.2,5.82
ostrovnoy,80,RU,1547431697,98,68.05,39.51,16.21,11.83
vasai,0,IN,1547431698,57,22.43,69.93,57.61,11.39
norwich,48,GB,1547430960,81,52.63,1.29,42.8,12.75
shaunavon,0,CA,1547431698,75,49.65,-108.41,21.52,5.91
bethel,90,US,1547428260,93,60.79,-161.76,35.6,10.29
saint-pierre,48,FR,1547429400,93,48.95,4.24,44.6,24.16
kapaa,40,US,1547427360,68,22.08,-159.32,78.98,6.93
port blair,40,IN,1547427600,88,11.67,92.75,78.8,6.93
dunmore town,0,BS,1547431701,100,25.5,-76.65,76.42,8.77
esperance,20,TT,1547427600,73,10.24,-61.45,75.2,4.85
roma,40,IT,1547430600,87,41.89,12.48,46.4,5.82
te anau,8,NZ,1547431701,60,-45.41,167.72,62.83,4.79
tabuk,0,PH,1547431702,71,17.41,121.44,72.91,2.51
douentza,0,ML,1547431702,54,15.01,-2.95,51.49,5.53
provideniya,90,RU,1547429400,71,64.42,-173.23,3.2,20.13
genhe,48,CN,1547431479,73,50.78,121.52,-1.7,4.23
martapura,40,ID,1547427600,88,-3.41,114.85,78.8,4.7
mujiayingzi,12,CN,1547431703,38,42.12,118.78,27.37,6.24
cardston,1,CA,1547429580,31,49.2,-113.32,35.6,11.41
hithadhoo,56,MV,1547431583,100,-0.6,73.08,81.37,6.76
sur,0,OM,1547431704,100,22.57,59.53,67.87,8.93
longyearbyen,40,NO,1547427000,61,78.22,15.63,12.2,19.46
pisco,0,PE,1547427600,88,-13.71,-76.2,71.6,18.34
faya,0,SA,1547427600,46,18.39,42.45,53.6,4.7
hilo,40,US,1547427180,52,19.71,-155.08,80.06,14.99
moerai,92,PF,1547431706,100,-22.43,-151.33,74.8,19.73
okhotsk,32,RU,1547431628,100,59.36,143.24,-6.74,7.58
mapastepec,0,MX,1547431706,61,15.44,-92.9,72.28,2.62
puerto ayacucho,0,CO,1547427600,62,5.66,-67.63,84.2,6.93
ciudad bolivar,0,VE,1547431707,48,8.12,-63.55,83.26,14.18
calamar,24,CO,1547431707,90,1.96,-72.65,72.46,0.38
villacarrillo,0,ES,1547431707,81,38.12,-3.08,22.42,2.55
nsanje,48,MZ,1547431708,83,-16.92,35.26,74.53,2.77
matay,0,EG,1547431524,81,28.42,30.79,39.97,7.09
gorontalo,36,ID,1547431573,73,0.54,123.06,84.52,2.62
atherton,90,GB,1547430600,81,53.52,-2.49,44.6,14.99
warwick,20,US,1547430960,77,41.7,-71.42,28.04,5.82
pointe-noire,40,CG,1547427600,88,-4.8,11.85,80.6,3.36
ise,20,JP,1547429400,65,34.5,136.72,44.6,6.93
noumea,90,NC,1547429400,69,-22.28,166.46,82.4,23.04
matamoros,1,US,1547430780,86,25.87,-97.51,57.2,5.82
burnie,92,AU,1547431507,92,-41.05,145.91,65.71,17.16
port hardy,40,CA,1547427600,87,50.7,-127.42,46.4,3.56
baykit,88,RU,1547431507,73,61.68,96.39,-11.96,5.23
pervomayskiy,80,RU,1547431711,89,53.24,40.29,22.24,14.58
warrington,40,GB,1547430600,81,53.39,-2.59,46.4,20.8
mumford,12,GH,1547431712,91,5.26,-0.76,78.94,8.55
mildura,0,AU,1547427600,8,-34.18,142.16,100.4,5.82
nurmijarvi,75,FI,1547430600,100,60.46,24.81,30.2,6.93
strezhevoy,90,RU,1547429400,92,60.73,77.6,21.2,13.42
christchurch,48,NZ,1547429400,76,-43.53,172.64,57.2,23.04
nova odesa,80,UA,1547431713,89,47.3,31.79,28.09,9.89
saint-georges,0,CA,1547431714,65,46.12,-70.67,-8.99,3
gizo,20,IL,1547430600,58,31.8,34.94,59,18.34
birao,8,CF,1547431715,39,10.3,22.78,66.52,10.33
santiago de cao,75,PE,1547427600,83,-7.96,-79.24,73.4,13.87
lima,40,PE,1547427600,83,-12.06,-77.04,73.4,17.22
saint-joseph,0,FR,1547429400,93,43.56,6.97,57.2,5.82
alyangula,40,AU,1547427600,62,-13.85,136.42,89.6,11.41
topolovgrad,20,BG,1547427600,100,42.08,26.33,26.6,3.06
moose factory,90,CA,1547430720,79,51.26,-80.61,21.2,16.11
leningradskiy,36,RU,1547431434,100,69.38,178.42,-16.91,10.83
waipawa,100,NZ,1547431452,95,-39.94,176.59,57.61,9.37
prince rupert,90,CA,1547427600,66,54.32,-130.32,50,10.29
san lorenzo,75,PY,1547427600,83,-25.34,-57.51,80.6,3.36
micheweni,64,TZ,1547431719,100,-4.97,39.83,81.64,10.78
biak,56,ID,1547431719,90,-0.91,122.88,83.17,1.88
troy,20,US,1547431020,63,42.73,-73.69,12.92,5.82
shieli,68,KZ,1547431720,83,44.18,66.74,31.78,15.93
mwingi,8,KE,1547431720,90,-0.93,38.07,59.41,3
whithorn,40,JM,1547431200,74,18.26,-78.04,78.8,3.36
podyuga,76,RU,1547431721,89,61.09,40.86,18.91,10.45
saint anthony,1,US,1547430960,91,43.97,-111.68,15.08,3.36
sioux city,90,US,1547429700,86,42.5,-96.41,30.92,10.29
svinita,64,RO,1547431721,81,44.5,22.11,20.89,2.89
bam,24,IR,1547431722,72,29.11,58.36,33.49,4.29
ponta do sol,44,BR,1547431464,94,-20.63,-46,65.44,3.29
bulungu,88,CD,1547431722,99,-4.54,18.6,70.21,4.07
bemidji,90,US,1547430900,92,47.48,-94.89,26.06,6.93
port macquarie,0,AU,1547427600,51,-31.43,152.91,82.4,9.17
udachnyy,0,RU,1547431723,0,66.42,112.4,-51.38,2.84
shahpur,0,IN,1547431724,85,22.19,77.91,53.92,3.89
nyagan,68,RU,1547431724,87,62.14,65.43,21.16,5.79
karratha,0,AU,1547431724,34,-20.74,116.85,101.44,11.34
opichen,40,MX,1547430900,73,20.55,-89.85,73.4,9.17
gari,20,RU,1547431725,78,59.43,62.35,20.08,6.64
eucaliptus,44,BO,1547431725,97,-17.6,-67.51,42.76,2.84
terra santa,80,BR,1547431726,100,-2.1,-56.49,72.37,4.56
henties bay,92,NA,1547431726,98,-22.12,14.28,63.19,5.3
mezen,92,RU,1547431726,91,65.85,44.24,24.58,5.57
council bluffs,1,US,1547430960,100,41.26,-95.86,29.84,6.93
vila franca do campo,40,PT,1547429400,72,37.72,-25.43,59,9.17
curillo,80,CO,1547431727,88,1.03,-75.92,68.59,2.1
margate,0,AU,1547429400,33,-43.03,147.26,75.2,13.87
bonfim,0,BR,1547427600,57,-20.33,-44.24,75.2,6.93
navahrudak,92,BY,1547431728,95,53.59,25.82,33.04,16.98
paamiut,8,GL,1547431728,100,61.99,-49.67,29.26,6.35
rocha,100,UY,1547431683,98,-34.48,-54.34,68.86,6.8
guhagar,0,IN,1547431729,96,17.48,73.19,72.82,3.33
buraydah,40,SA,1547427600,63,26.33,43.97,60.8,3.36
khotynets,80,RU,1547431729,90,53.13,35.4,25.66,17.31
zhigansk,32,RU,1547431730,34,66.77,123.37,-22.76,0.87
uruzgan,32,AF,1547431730,44,32.93,66.63,1.54,0.72
cayenne,20,GF,1547429400,83,4.94,-52.33,77,2.24
nurlat,68,RU,1547431731,80,54.43,50.8,11.8,5.79
pauini,56,BR,1547431731,94,-7.71,-67,75.88,2.62
chumikan,20,RU,1547431731,63,54.72,135.31,-3.14,2.55
hays,90,US,1547427360,92,38.88,-99.33,28.94,5.82
sitka,32,US,1547431732,79,37.17,-99.65,24.67,5.3
husavik,8,CA,1547431732,79,50.56,-96.99,12.16,7.92
bayji,0,IQ,1547431732,53,34.93,43.49,44.56,6.87
chapais,90,CA,1547427600,77,49.78,-74.86,-2.21,8.05
nuevitas,20,CU,1547427120,88,21.55,-77.27,73.4,10.29
iqaluit,90,CA,1547427600,77,63.75,-68.52,1.4,20.8
bolobo,92,CD,1547431734,100,-2.17,16.23,69.22,3.06
ribeira grande,76,PT,1547431734,100,38.52,-28.7,61.3,12.35
zaraysk,80,RU,1547431734,87,54.76,38.88,21.61,13.35
okato,92,NZ,1547431735,100,-39.19,173.88,58.06,11.68
tlaxco,75,MX,1547430180,62,19.61,-98.12,55.4,6.93
port-gentil,64,GA,1547431735,100,-0.72,8.78,78.22,5.91
honiara,36,SB,1547431736,72,-9.43,159.96,85.51,3.22
vrangel,80,RU,1547431736,100,42.73,133.08,34.21,4.34
riyadh,32,SA,1547427600,28,24.63,46.72,59,4.7
piranshahr,92,IR,1547431737,96,36.7,45.14,32.5,1.72
saint-augustin,75,FR,1547429400,93,44.83,-0.61,50,12.75
aromashevo,92,RU,1547431738,88,56.86,68.64,24.22,13.62
alofi,0,NU,1547427600,70,-19.06,-169.92,86,11.41
sumbe,80,AO,1547431738,100,-11.2,13.84,74.44,2.06
kiunga,76,PG,1547431739,90,-6.12,141.3,79.48,1.61
villablino,32,ES,1547429400,100,42.94,-6.32,24.8,0.87
zyryanka,64,RU,1547431600,28,65.73,150.89,-18.89,6.35
albury,0,AU,1547427600,30,-36.08,146.92,95,8.05
halifax,20,CA,1547427600,85,44.65,-63.58,10.4,8.05
ashqelon,20,IL,1547430600,58,31.67,34.57,59,18.34
northam,92,GB,1547427000,70,51.04,-4.21,46.4,11.41
vostok,56,RU,1547431741,72,46.45,135.83,18.28,2.84
sorland,68,NO,1547431741,100,67.67,12.69,34.57,7.65
juegang,64,CN,1547431742,87,32.31,121.18,46.27,7.43
cairns,75,AU,1547429400,74,-16.92,145.77,86,14.99
manado,40,ID,1547429400,100,1.49,124.85,77,3.36
kidal,0,ML,1547431580,41,18.44,1.41,44.02,4.85
parkes,0,AU,1547431743,34,-33.14,148.18,94.96,10.27
yulara,0,AU,1547427600,11,-25.24,130.99,104,16.11
tessalit,0,ML,1547431743,48,20.2,1.01,40.87,7.36
aksay,75,RU,1547429400,92,47.27,39.86,17.6,3.4
springbok,0,ZA,1547431744,88,-29.67,17.88,49.6,2.62
kudahuvadhoo,76,MV,1547431730,100,2.67,72.89,80.74,13.91
ambilobe,32,MG,1547431744,90,-13.19,49.05,69.04,2.77
xuanwu,40,CN,1547427600,100,32.07,118.81,35.6,2.24
markova,20,RU,1547429400,74,52.21,104.21,-23.81,2.39
zabol,0,IR,1547431526,79,31.03,61.49,34.21,6.87
kailua,90,US,1547427420,66,21.39,-157.74,80.06,8.05
port jervis,1,US,1547430960,73,41.38,-74.69,24.98,4.7
north bend,1,US,1547427360,66,43.41,-124.22,53.96,5.82
mwene-ditu,80,CD,1547431746,97,-7.01,23.45,68.05,2.28
nishihara,20,JP,1547429400,52,35.74,139.53,44.6,9.17
vilela,0,PT,1547429400,93,41.66,-8.33,41,1.12
aba,20,NG,1547427600,88,5.11,7.36,78.8,7.31
shahr-e babak,76,IR,1547431748,58,30.12,55.12,40.96,9.6
birjand,0,IR,1547427600,22,32.86,59.22,44.6,18.34
ilukste,76,LV,1547431748,95,55.98,26.3,32.95,15.3
paithan,0,IN,1547431748,72,19.48,75.39,60.31,2.84
ovre ardal,76,NO,1547431749,81,61.32,7.8,18.28,7.87
nadym,80,RU,1547431749,83,65.53,72.51,21.07,13.47
aquidauana,20,BR,1547431749,83,-20.47,-55.78,78.31,2.89
san luis,64,AR,1547431750,71,-33.3,-66.34,64.63,5.35
viedma,36,AR,1547431750,68,-40.81,-62.99,61.48,9.37
burns lake,80,CA,1547431521,99,54.23,-125.76,25.3,2.33
kirakira,12,SB,1547431489,100,-10.46,161.92,82.81,7.87
novoorsk,90,RU,1547427600,92,51.38,58.98,28.4,6.71
lat yao,56,TH,1547431751,67,15.75,99.79,83.26,4.29
ishigaki,75,JP,1547427600,64,24.34,124.16,69.8,13.87
constitucion,5,MX,1547426460,20,23.99,-104.67,64.4,16.11
santa isabel do rio negro,32,BR,1547431752,93,-0.41,-65.02,76.42,2.06
oyama,20,JP,1547427600,45,36.31,139.8,44.6,6.93
smithers,90,CA,1547427600,100,54.78,-127.17,33.8,5.82
evensk,36,RU,1547431753,100,61.92,159.24,1.99,6.58
calabozo,0,VE,1547431754,49,8.92,-67.43,79.21,16.2
rosetta,40,EG,1547427600,82,31.4,30.42,57.2,10.29
rimbey,40,CA,1547427600,73,52.64,-114.24,23,3
tanout,0,NE,1547431755,35,14.97,8.88,53.83,11.39
sibu,40,MY,1547427600,94,2.29,111.83,78.8,2.24
stralsund,40,DE,1547428800,100,54.31,13.08,39.2,24.16
mao,20,DO,1547431200,94,19.55,-71.08,73.4,4.7
gazojak,88,TM,1547431756,80,41.19,61.4,38.17,11.12
talcahuano,0,CL,1547427600,77,-36.72,-73.12,62.6,6.93
vaitape,80,PF,1547431757,100,-16.52,-151.75,82.81,17.43
yar-sale,76,RU,1547431757,88,66.83,70.83,16.12,15.64
liancheng,20,CN,1547431758,84,24.05,105.06,57.07,4.85
tongling,80,CN,1547431758,97,30.93,117.81,42.76,8.25
namibe,8,AO,1547431758,100,-15.19,12.15,71.02,5.91
griffith,0,AU,1547429400,19,-34.29,146.06,105.8,18.34
raymondville,90,US,1547427360,97,37.34,-91.83,32,5.82
rawson,0,AR,1547431489,42,-43.3,-65.11,65.44,16.37
bambous virieux,40,MU,1547427600,74,-20.34,57.76,78.8,9.17
san patricio,24,PY,1547431521,86,-26.98,-56.83,78.31,4.29
tazovskiy,80,RU,1547431760,73,67.47,78.7,8.29,16.31
yuxia,32,CN,1547427600,50,34.06,108.63,32,2.24
tapes,12,BR,1547431761,94,-30.67,-51.4,75.79,6.91
lagunas,48,PE,1547431761,92,-5.23,-75.68,74.8,1.1
samarai,76,PG,1547431761,100,-10.62,150.67,81.91,12.8
lakes entrance,0,AU,1547431601,51,-37.88,147.99,87.76,3.89
lufilufi,75,WS,1547427600,70,-13.87,-171.6,89.6,6.93
sinnamary,92,GF,1547431762,95,5.38,-52.96,78.85,8.66
cherskiy,20,RU,1547431763,0,68.75,161.3,-28.97,2.77
turbat,0,PK,1547431763,64,26,63.05,52.84,5.3
mitsamiouli,92,KM,1547431763,100,-11.38,43.28,78.85,1.5
tolaga bay,92,NZ,1547431764,100,-38.37,178.3,62.11,5.3
sao sebastiao,68,BR,1547431764,94,-3.15,-58.36,75.34,2.73
kaeo,64,NZ,1547431592,65,-35.1,173.78,70.84,16.71
landsmeer,20,NL,1547431260,81,52.43,4.92,44.6,16.11
sao desiderio,56,BR,1547431765,65,-12.36,-44.97,71.29,6.35
nouadhibou,44,MR,1547431765,80,20.93,-17.03,60.49,8.03
esmeralda,92,CL,1547431765,71,-34.33,-70.9,57.34,0.76
eltham,92,GB,1547430600,66,51.45,0.05,48.2,14.99
tura,0,IN,1547431766,80,25.52,90.21,61.84,4.79
hervey bay,90,AU,1547427600,51,-25.3,152.85,86,18.34
ngunguru,68,NZ,1547431767,91,-35.62,174.5,70.48,13.91
veraval,90,FR,1547429400,81,49.65,0.71,50,16.11
port lincoln,0,AU,1547431767,65,-34.72,135.86,79.03,7.81
la palma,88,CO,1547431768,88,5.36,-74.39,68.32,1.83
freeport,0,BS,1547431769,96,26.54,-78.7,76.96,12.8
cacapava do sul,68,BR,1547431769,94,-30.51,-53.49,70.21,2.73
dulce nombre de culmi,75,HN,1547431200,78,15.08,-85.56,71.6,2.24
lasa,88,CY,1547429400,87,34.92,32.53,46.4,3.36
shingu,20,JP,1547427600,100,33.72,135.99,48.2,4.7
jaciara,20,BR,1547431770,93,-15.95,-54.98,71.56,2.51
yokadouma,24,CM,1547431770,94,3.52,15.05,66.7,3.74
gazli,80,UZ,1547431771,60,40.13,63.45,44.38,18.43
westport,88,IE,1547431722,92,53.8,-9.52,46.36,12.28
bullhead city,1,US,1547430960,30,35.15,-114.57,59,10.29
nyurba,12,RU,1547431772,33,63.29,118.35,-22.49,4.41
vardo,90,US,1547430900,96,39.62,-77.74,28.4,8.05
zyryanskoye,92,RU,1547431772,85,56.83,86.62,9.46,11.68
high level,90,CA,1547427600,84,58.52,-117.13,3.2,8.05
longkou,64,CN,1547431773,99,37.64,120.47,36.19,4.63
mutum,32,BR,1547431773,83,-19.82,-41.44,71.65,5.86
kahului,40,US,1547427360,53,20.89,-156.47,82.94,6.93
pamyat parizhskoy kommuny,75,RU,1547429400,85,56.1,44.5,19.4,13.42
avera,90,US,1547431320,82,33.19,-82.53,46.04,3.36
karnobat,20,BG,1547429400,92,42.65,26.98,26.6,6.93
severo-kurilsk,64,RU,1547431775,100,50.68,156.12,31.24,6.13
camacha,20,PT,1547429400,72,33.08,-16.33,64.4,13.87
erdenet,0,MN,1547431775,39,49.03,104.04,-14.66,2.77
skjervoy,64,NO,1547431775,100,70.03,20.97,27.91,3.29
bowen,75,AU,1547427600,78,-20.01,148.25,82.4,17.22
whyalla,0,AU,1547427600,40,-33.04,137.58,86,8.05
batemans bay,0,AU,1547431776,74,-35.71,150.18,80.38,6.76
omsukchan,68,RU,1547431777,45,62.53,155.8,-16.82,3.74
roblin,88,CA,1547431597,72,51.23,-101.35,13.78,3.29
los llanos de aridane,0,ES,1547429400,15,28.66,-17.92,69.8,11.41
ossora,12,RU,1547431778,81,59.24,163.07,-1.61,3.51
candelaria,75,CO,1547427600,69,3.41,-76.35,75.2,11.41
kalabo,92,ZM,1547431779,99,-15,22.67,64.72,11.34
kamaishi,20,JP,1547427600,74,39.28,141.86,28.4,5.82
tinskoy,44,RU,1547431779,38,56.15,96.92,-11.78,3.85
atar,12,MR,1547431780,25,20.52,-13.05,58.06,7.87
ballina,88,IE,1547431780,89,54.11,-9.15,45.37,11.79
nipawin,90,CA,1547427600,92,53.36,-104.02,19.4,4.7
diamantino,20,BR,1547431780,92,-14.4,-56.44,70.3,6.8
arak,88,IR,1547431781,75,34.1,49.69,41.32,10.27
kalmunai,92,LK,1547431547,100,7.42,81.82,72.82,5.01
chiang khong,20,LA,1547427600,100,20.27,100.41,64.4,3.4
pacific grove,1,US,1547431200,73,36.62,-121.92,59,3.36
seddon,100,NZ,1547431534,97,-41.67,174.07,59.41,12.95
atambua,92,ID,1547431567,100,-9.11,124.89,77.68,10.89
crieff,0,GB,1547430600,86,56.37,-3.84,44.6,5.82
half moon bay,1,US,1547430960,71,37.46,-122.43,59,14.18
vanimo,48,PG,1547431783,100,-2.67,141.3,82.72,18.21
mehamn,0,NO,1547431783,75,71.03,27.85,15.85,3.06
honiton,75,GB,1547430600,75,50.8,-3.19,46.4,11.41
haguenau,76,FR,1547430600,81,48.82,7.79,46.4,8.05
svetlogorsk,90,RU,1547429400,100,53.14,59.15,24.8,4.47
pointe michel,75,DM,1547427600,88,15.25,-61.38,71.6,3.36
namie,40,JP,1547427600,69,37.52,140.86,37.4,3.36
urengoy,92,RU,1547431785,73,65.96,78.37,12.34,14.92
bridgewater,48,US,1547431020,77,41.99,-70.98,30.2,5.82
buriti bravo,24,BR,1547431786,94,-5.84,-43.84,73.81,3.06
lerwick,24,GB,1547430600,55,60.15,-1.15,35.6,27.51
maraa,48,BR,1547431786,94,-1.83,-65.37,75.7,3.89
puerto carreno,0,CO,1547427600,62,6.19,-67.49,84.2,6.93
naberera,8,TZ,1547431787,95,-4.2,36.93,62.02,3.4
vila,0,IT,1547430600,66,45.18,8.4,46.4,1.12
marawi,24,PH,1547431788,59,8,124.29,81.46,3.4
njombe,92,TZ,1547431788,99,-9.34,34.77,61.21,3.51
bagdarin,0,RU,1547431788,36,54.44,113.59,-13.58,7.81
waingapu,56,ID,1547431789,86,-9.65,120.26,82.81,6.42
puerto penasco,88,MX,1547431780,100,31.32,-113.53,59.5,0.83
isangel,75,VU,1547427600,94,-19.55,169.27,82.4,9.78
la garriga,8,ES,1547429400,76,41.68,2.29,50,5.82
salym,76,RU,1547431789,80,60.06,71.48,19.54,9.37
tacuati,0,PY,1547431790,76,-23.46,-56.74,79.75,3.62
portobelo,20,PA,1547427600,69,9.55,-79.65,78.8,6.93
olutanga,0,PH,1547431790,100,7.31,122.85,81.91,3.56
kruisfontein,0,ZA,1547431791,94,-34,24.73,63.28,6.35
khandbari,0,NP,1547431791,60,27.38,87.21,21.16,1.5
male,88,UA,1547431554,91,50.74,33.7,24.67,16.87
nizwa,0,OM,1547431792,80,22.93,57.53,48.34,2.62
xining,44,CN,1547431792,62,36.62,101.77,10.99,3.51
hay river,90,CA,1547427600,68,60.82,-115.79,-14.81,5.82
coihaique,0,CL,1547427600,51,-45.58,-72.07,60.8,4.7
hargeysa,0,SO,1547431793,90,9.56,44.06,42.76,2.89
qarqin,8,AF,1547431793,55,37.41,66.03,41.59,21.23
diego de almagro,0,CL,1547431793,82,-26.39,-70.05,54.73,2.33
souillac,90,FR,1547429400,87,45.6,-0.6,50,11.41
necochea,88,AR,1547431794,96,-38.55,-58.74,65.17,9.37
avallon,88,FR,1547431794,96,47.49,3.91,42.58,14.85
nemuro,20,JP,1547427600,62,43.32,145.57,23,3.36
dwarka,0,IN,1547429400,93,28.58,77.04,48.2,4.7
stykkisholmur,44,IS,1547431796,100,65.08,-22.73,28.81,3.89
sosua,20,DO,1547431200,100,19.77,-70.52,73.4,8.1
auki,0,NG,1547431519,35,12.18,6.51,59.59,10.45
murashi,80,RU,1547431797,82,59.4,48.97,17.11,7.65
weimar,90,US,1547430900,69,29.7,-96.78,50,6.93
college,1,US,1547427480,79,64.86,-147.8,-5.08,3
ilulissat,12,GL,1547427000,59,69.22,-51.1,-0.41,4.7
mabay,20,CU,1547427000,88,20.35,-76.78,73.4,3.36
wonthaggi,0,AU,1547431798,39,-38.6,145.59,93.52,3.78
bani walid,0,LY,1547431799,57,31.76,14,43.84,16.6
bundaberg,90,AU,1547427600,51,-24.87,152.35,86,18.34
kindersley,20,CA,1547427600,85,51.47,-109.16,23,3.36
dourbali,8,TD,1547431800,36,11.81,15.86,61.84,9.44
itoman,20,JP,1547429400,43,26.12,127.67,69.8,9.17
banyo,8,CM,1547431800,45,6.75,11.81,61.84,6.8
dharchula,0,IN,1547431801,66,29.85,80.53,23.41,1.77
soyo,92,AO,1547431801,96,-6.13,12.37,75.61,3.62
price,1,US,1547427180,60,39.6,-110.81,28.04,10.29
hanna,8,CA,1547431607,71,51.64,-111.93,11.26,3.11
port shepstone,24,ZA,1547431807,95,-30.74,30.45,71.65,7.36
plettenberg bay,20,ZA,1547431807,100,-34.05,23.37,65.71,3.51
makakilo city,75,US,1547427420,60,21.35,-158.09,80.06,8.05
cloquet,90,US,1547430960,80,46.72,-92.46,33.8,9.17
antalaha,92,MG,1547431808,100,-14.9,50.28,75.52,6.13
muravlenko,88,RU,1547431809,87,63.79,74.5,20.98,17.83
craig,90,US,1547430780,91,40.52,-107.55,19.94,2.39
yaan,8,NG,1547431813,88,7.38,8.57,67.24,5.08
maldonado,90,UY,1547427600,94,-34.91,-54.96,69.8,9.17
hasaki,20,JP,1547429400,45,35.73,140.83,46.4,13.87
lavrentiya,92,RU,1547431813,100,65.58,-170.99,0.46,34.72
arlit,0,NE,1547431814,51,18.74,7.39,45.64,5.86
vanderhoof,76,CA,1547431814,98,54.02,-124.02,25.66,2.33
rongcheng,64,CN,1547431815,68,37.16,122.42,39.52,5.23
geraldton,90,CA,1547427600,86,49.72,-86.95,28.4,12.75
inirida,64,CO,1547431815,89,3.87,-67.92,74.26,1.77
solnechnyy,44,RU,1547431816,72,50.72,136.64,-2.33,3.11
batagay,12,RU,1547431816,0,67.65,134.64,-56.33,2.84
conde,100,BR,1547431816,91,-11.81,-37.61,78.94,7.36
pinar del rio,44,CU,1547431817,89,22.42,-83.7,71.29,2.39
sisimiut,32,GL,1547431774,100,66.94,-53.67,-26.63,2.55
buchanan,20,LR,1547429400,94,5.88,-10.05,75.2,9.6
piuma,0,BR,1547431578,94,-20.84,-40.72,77.32,10.67
kimbe,68,PG,1547431818,100,-5.56,150.15,81.19,5.41
northallerton,88,GB,1547430600,75,54.34,-1.43,44.6,13.87
san rafael,76,AR,1547431604,57,-34.61,-68.33,60.85,3.74
kununurra,75,AU,1547429400,62,-15.77,128.74,87.8,4.7
ruteng,68,ID,1547431820,86,-8.61,120.46,80.65,4.9
holme,90,GB,1547430600,81,53.7,-2.31,44.6,14.99
yining,92,CN,1547431820,99,29.04,114.56,42.85,3
sosnovo-ozerskoye,0,RU,1547431821,38,52.53,111.54,-14.03,11.39
kannod,0,IN,1547431821,68,22.67,76.74,56.08,11.9
murray bridge,8,AU,1547431821,55,-35.12,139.28,84.25,4.52
zlobin,75,HR,1547429400,75,45.29,14.65,46.4,10.29
begunitsy,75,RU,1547429400,100,59.58,29.3,26.6,11.18
mweka,76,CD,1547431825,97,-4.85,21.56,72.1,2.39
eidsvag,88,NO,1547430600,50,62.78,8.07,33.8,62.19
nowy sacz,40,PL,1547431200,95,49.62,20.7,32,23.04
zeya,48,RU,1547431826,74,53.74,127.27,-4.13,1.5
letterkenny,88,IE,1547431826,90,54.95,-7.73,47.62,20.56
new glasgow,0,CA,1547431671,91,45.59,-62.65,6.04,5.35
darnah,88,LY,1547431827,100,32.77,22.64,57.07,23.98
hohhot,0,CN,1547427600,66,40.81,111.65,10.4,2.24
mill valley,1,US,1547430900,76,37.91,-122.55,59,6.93
maceio,75,BR,1547427600,88,-9.67,-35.74,77,5.82
bajil,0,ES,1547431828,79,38.23,-2.07,27.46,5.41
volga,90,US,1547430960,88,44.32,-96.93,34.34,10.29
floro,76,NO,1547430600,100,61.6,5.03,32,24.16
nador,0,MA,1547429400,100,35.17,-2.93,44.6,4.7
krasnyye chetai,76,RU,1547431830,84,55.69,46.16,15.31,10.16
balakovo,68,RU,1547431830,86,52.02,47.82,13.6,5.01
havoysund,0,NO,1547430600,79,71,24.66,21.2,1.12
charters towers,64,AU,1547431831,69,-20.07,146.27,84.34,12.84
salvador,40,BR,1547427600,88,-12.98,-38.48,80.6,11.41
frontera,40,MX,1547430120,88,18.53,-92.64,71.6,14.07
